{
    "$schema": "https://schema.management.azure.com/schemas/2015-01-01/deploymentParameters.json#",
    "contentVersion": "1.0.0.0",
    "parameters": {
        "virtualMachines_web01_name": {
            "value": null
        },
        "virtualMachines_web02_name": {
            "value": null
        },
        "publicIPAddresses_pipA_name": {
            "value": null
        },
        "publicIPAddresses_pipB_name": {
            "value": null
        },
        "firewallPolicies_politica1_name": {
            "value": null
        },
        "networkInterfaces_web01192_name": {
            "value": null
        },
        "networkInterfaces_web02127_name": {
            "value": null
        },
        "publicIPAddresses_web01_ip_name": {
            "value": null
        },
        "publicIPAddresses_web02_ip_name": {
            "value": null
        },
        "virtualNetworks_web01_vnet_name": {
            "value": null
        },
        "azureFirewalls_web01_vnet_fw_name": {
            "value": null
        },
        "networkSecurityGroups_web01_nsg_name": {
            "value": null
        },
        "networkSecurityGroups_web02_nsg_name": {
            "value": null
        },
        "dnszones_rctbatista_mastercloud_com_br_name": {
            "value": null
        },
        "privateDnsZones_rctbatista_mastercloud_com_br_name": {
            "value": null
        },
        "routeTables_ace18472_db42_4736_974c_9aced2b8fbca_externalid": {
            "value": null
        }
    }
}