{
    "$schema": "https://schema.management.azure.com/schemas/2019-04-01/deploymentTemplate.json#",
    "contentVersion": "1.0.0.0",
    "parameters": {
        "virtualMachines_web01_name": {
            "defaultValue": "web01",
            "type": "String"
        },
        "virtualMachines_web02_name": {
            "defaultValue": "web02",
            "type": "String"
        },
        "publicIPAddresses_pipA_name": {
            "defaultValue": "pipA",
            "type": "String"
        },
        "publicIPAddresses_pipB_name": {
            "defaultValue": "pipB",
            "type": "String"
        },
        "firewallPolicies_politica1_name": {
            "defaultValue": "politica1",
            "type": "String"
        },
        "networkInterfaces_web01192_name": {
            "defaultValue": "web01192",
            "type": "String"
        },
        "networkInterfaces_web02127_name": {
            "defaultValue": "web02127",
            "type": "String"
        },
        "publicIPAddresses_web01_ip_name": {
            "defaultValue": "web01-ip",
            "type": "String"
        },
        "publicIPAddresses_web02_ip_name": {
            "defaultValue": "web02-ip",
            "type": "String"
        },
        "virtualNetworks_web01_vnet_name": {
            "defaultValue": "web01-vnet",
            "type": "String"
        },
        "azureFirewalls_web01_vnet_fw_name": {
            "defaultValue": "web01-vnet-fw",
            "type": "String"
        },
        "networkSecurityGroups_web01_nsg_name": {
            "defaultValue": "web01-nsg",
            "type": "String"
        },
        "networkSecurityGroups_web02_nsg_name": {
            "defaultValue": "web02-nsg",
            "type": "String"
        },
        "dnszones_rctbatista_mastercloud_com_br_name": {
            "defaultValue": "rctbatista.mastercloud.com.br",
            "type": "String"
        },
        "privateDnsZones_rctbatista_mastercloud_com_br_name": {
            "defaultValue": "rctbatista.mastercloud.com.br",
            "type": "String"
        },
        "routeTables_ace18472_db42_4736_974c_9aced2b8fbca_externalid": {
            "defaultValue": "/subscriptions/e46613fe-5856-4350-8581-9ca34101fd09/resourceGroups/aula2/providers/Microsoft.Network/routeTables/ace18472-db42-4736-974c-9aced2b8fbca",
            "type": "String"
        }
    },
    "variables": {},
    "resources": [
        {
            "type": "Microsoft.Network/dnszones",
            "apiVersion": "2018-05-01",
            "name": "[parameters('dnszones_rctbatista_mastercloud_com_br_name')]",
            "location": "global",
            "properties": {
                "zoneType": "Public"
            }
        },
        {
            "type": "Microsoft.Network/firewallPolicies",
            "apiVersion": "2023-05-01",
            "name": "[parameters('firewallPolicies_politica1_name')]",
            "location": "eastus",
            "properties": {
                "sku": {
                    "tier": "Basic"
                },
                "threatIntelMode": "Alert"
            }
        },
        {
            "type": "Microsoft.Network/networkSecurityGroups",
            "apiVersion": "2023-05-01",
            "name": "[parameters('networkSecurityGroups_web01_nsg_name')]",
            "location": "eastus",
            "properties": {
                "securityRules": [
                    {
                        "name": "RDP",
                        "id": "[resourceId('Microsoft.Network/networkSecurityGroups/securityRules', parameters('networkSecurityGroups_web01_nsg_name'), 'RDP')]",
                        "type": "Microsoft.Network/networkSecurityGroups/securityRules",
                        "properties": {
                            "protocol": "TCP",
                            "sourcePortRange": "*",
                            "destinationPortRange": "3389",
                            "sourceAddressPrefix": "*",
                            "destinationAddressPrefix": "*",
                            "access": "Allow",
                            "priority": 300,
                            "direction": "Inbound",
                            "sourcePortRanges": [],
                            "destinationPortRanges": [],
                            "sourceAddressPrefixes": [],
                            "destinationAddressPrefixes": []
                        }
                    },
                    {
                        "name": "AllowAnyCustom80Inbound",
                        "id": "[resourceId('Microsoft.Network/networkSecurityGroups/securityRules', parameters('networkSecurityGroups_web01_nsg_name'), 'AllowAnyCustom80Inbound')]",
                        "type": "Microsoft.Network/networkSecurityGroups/securityRules",
                        "properties": {
                            "protocol": "TCP",
                            "sourcePortRange": "*",
                            "destinationPortRange": "80",
                            "sourceAddressPrefix": "*",
                            "destinationAddressPrefix": "*",
                            "access": "Allow",
                            "priority": 310,
                            "direction": "Inbound",
                            "sourcePortRanges": [],
                            "destinationPortRanges": [],
                            "sourceAddressPrefixes": [],
                            "destinationAddressPrefixes": []
                        }
                    }
                ]
            }
        },
        {
            "type": "Microsoft.Network/networkSecurityGroups",
            "apiVersion": "2023-05-01",
            "name": "[parameters('networkSecurityGroups_web02_nsg_name')]",
            "location": "eastus",
            "properties": {
                "securityRules": [
                    {
                        "name": "RDP",
                        "id": "[resourceId('Microsoft.Network/networkSecurityGroups/securityRules', parameters('networkSecurityGroups_web02_nsg_name'), 'RDP')]",
                        "type": "Microsoft.Network/networkSecurityGroups/securityRules",
                        "properties": {
                            "protocol": "TCP",
                            "sourcePortRange": "*",
                            "destinationPortRange": "3389",
                            "sourceAddressPrefix": "*",
                            "destinationAddressPrefix": "*",
                            "access": "Allow",
                            "priority": 300,
                            "direction": "Inbound",
                            "sourcePortRanges": [],
                            "destinationPortRanges": [],
                            "sourceAddressPrefixes": [],
                            "destinationAddressPrefixes": []
                        }
                    },
                    {
                        "name": "AllowAnyCustom80Inbound",
                        "id": "[resourceId('Microsoft.Network/networkSecurityGroups/securityRules', parameters('networkSecurityGroups_web02_nsg_name'), 'AllowAnyCustom80Inbound')]",
                        "type": "Microsoft.Network/networkSecurityGroups/securityRules",
                        "properties": {
                            "protocol": "TCP",
                            "sourcePortRange": "*",
                            "destinationPortRange": "80",
                            "sourceAddressPrefix": "*",
                            "destinationAddressPrefix": "*",
                            "access": "Allow",
                            "priority": 310,
                            "direction": "Inbound",
                            "sourcePortRanges": [],
                            "destinationPortRanges": [],
                            "sourceAddressPrefixes": [],
                            "destinationAddressPrefixes": []
                        }
                    }
                ]
            }
        },
        {
            "type": "Microsoft.Network/privateDnsZones",
            "apiVersion": "2018-09-01",
            "name": "[parameters('privateDnsZones_rctbatista_mastercloud_com_br_name')]",
            "location": "global",
            "properties": {
                "maxNumberOfRecordSets": 25000,
                "maxNumberOfVirtualNetworkLinks": 1000,
                "maxNumberOfVirtualNetworkLinksWithRegistration": 100,
                "numberOfRecordSets": 5,
                "numberOfVirtualNetworkLinks": 1,
                "numberOfVirtualNetworkLinksWithRegistration": 1,
                "provisioningState": "Succeeded"
            }
        },
        {
            "type": "Microsoft.Network/publicIPAddresses",
            "apiVersion": "2023-05-01",
            "name": "[parameters('publicIPAddresses_pipA_name')]",
            "location": "eastus",
            "sku": {
                "name": "Standard",
                "tier": "Regional"
            },
            "properties": {
                "ipAddress": "20.172.239.169",
                "publicIPAddressVersion": "IPv4",
                "publicIPAllocationMethod": "Static",
                "idleTimeoutInMinutes": 4,
                "ipTags": []
            }
        },
        {
            "type": "Microsoft.Network/publicIPAddresses",
            "apiVersion": "2023-05-01",
            "name": "[parameters('publicIPAddresses_pipB_name')]",
            "location": "eastus",
            "sku": {
                "name": "Standard",
                "tier": "Regional"
            },
            "properties": {
                "ipAddress": "20.172.235.136",
                "publicIPAddressVersion": "IPv4",
                "publicIPAllocationMethod": "Static",
                "idleTimeoutInMinutes": 4,
                "ipTags": []
            }
        },
        {
            "type": "Microsoft.Network/publicIPAddresses",
            "apiVersion": "2023-05-01",
            "name": "[parameters('publicIPAddresses_web01_ip_name')]",
            "location": "eastus",
            "sku": {
                "name": "Standard",
                "tier": "Regional"
            },
            "properties": {
                "ipAddress": "4.246.205.72",
                "publicIPAddressVersion": "IPv4",
                "publicIPAllocationMethod": "Static",
                "idleTimeoutInMinutes": 4,
                "dnsSettings": {
                    "domainNameLabel": "rctbatista-mastercloud",
                    "fqdn": "rctbatista-mastercloud.eastus.cloudapp.azure.com"
                },
                "ipTags": [],
                "ddosSettings": {
                    "protectionMode": "VirtualNetworkInherited"
                }
            }
        },
        {
            "type": "Microsoft.Network/publicIPAddresses",
            "apiVersion": "2023-05-01",
            "name": "[parameters('publicIPAddresses_web02_ip_name')]",
            "location": "eastus",
            "sku": {
                "name": "Standard",
                "tier": "Regional"
            },
            "properties": {
                "ipAddress": "172.190.224.94",
                "publicIPAddressVersion": "IPv4",
                "publicIPAllocationMethod": "Static",
                "idleTimeoutInMinutes": 4,
                "dnsSettings": {
                    "domainNameLabel": "web02-rctbatista-mastercloud",
                    "fqdn": "web02-rctbatista-mastercloud.eastus.cloudapp.azure.com"
                },
                "ipTags": [],
                "ddosSettings": {
                    "protectionMode": "VirtualNetworkInherited"
                }
            }
        },
        {
            "type": "Microsoft.Network/virtualNetworks",
            "apiVersion": "2023-05-01",
            "name": "[parameters('virtualNetworks_web01_vnet_name')]",
            "location": "eastus",
            "properties": {
                "addressSpace": {
                    "addressPrefixes": [
                        "10.0.0.0/16"
                    ]
                },
                "subnets": [
                    {
                        "name": "default",
                        "id": "[resourceId('Microsoft.Network/virtualNetworks/subnets', parameters('virtualNetworks_web01_vnet_name'), 'default')]",
                        "properties": {
                            "addressPrefix": "10.0.0.0/24",
                            "delegations": [],
                            "privateEndpointNetworkPolicies": "Disabled",
                            "privateLinkServiceNetworkPolicies": "Enabled"
                        },
                        "type": "Microsoft.Network/virtualNetworks/subnets"
                    },
                    {
                        "name": "subnet1",
                        "id": "[resourceId('Microsoft.Network/virtualNetworks/subnets', parameters('virtualNetworks_web01_vnet_name'), 'subnet1')]",
                        "properties": {
                            "addressPrefix": "10.0.1.0/24",
                            "serviceEndpoints": [],
                            "delegations": [],
                            "privateEndpointNetworkPolicies": "Disabled",
                            "privateLinkServiceNetworkPolicies": "Enabled"
                        },
                        "type": "Microsoft.Network/virtualNetworks/subnets"
                    },
                    {
                        "name": "subnet2",
                        "id": "[resourceId('Microsoft.Network/virtualNetworks/subnets', parameters('virtualNetworks_web01_vnet_name'), 'subnet2')]",
                        "properties": {
                            "addressPrefix": "10.0.2.0/24",
                            "serviceEndpoints": [],
                            "delegations": [],
                            "privateEndpointNetworkPolicies": "Disabled",
                            "privateLinkServiceNetworkPolicies": "Enabled"
                        },
                        "type": "Microsoft.Network/virtualNetworks/subnets"
                    },
                    {
                        "name": "AzureFirewallSubnet",
                        "id": "[resourceId('Microsoft.Network/virtualNetworks/subnets', parameters('virtualNetworks_web01_vnet_name'), 'AzureFirewallSubnet')]",
                        "properties": {
                            "addressPrefix": "10.0.4.0/24",
                            "serviceEndpoints": [],
                            "delegations": [],
                            "privateEndpointNetworkPolicies": "Disabled",
                            "privateLinkServiceNetworkPolicies": "Enabled"
                        },
                        "type": "Microsoft.Network/virtualNetworks/subnets"
                    },
                    {
                        "name": "AzureFirewallManagementSubnet",
                        "id": "[resourceId('Microsoft.Network/virtualNetworks/subnets', parameters('virtualNetworks_web01_vnet_name'), 'AzureFirewallManagementSubnet')]",
                        "properties": {
                            "addressPrefix": "10.0.3.0/24",
                            "routeTable": {
                                "id": "[parameters('routeTables_ace18472_db42_4736_974c_9aced2b8fbca_externalid')]"
                            },
                            "serviceEndpoints": [],
                            "delegations": [],
                            "privateEndpointNetworkPolicies": "Disabled",
                            "privateLinkServiceNetworkPolicies": "Enabled"
                        },
                        "type": "Microsoft.Network/virtualNetworks/subnets"
                    }
                ],
                "virtualNetworkPeerings": [],
                "enableDdosProtection": false
            }
        },
        {
            "type": "Microsoft.Compute/virtualMachines",
            "apiVersion": "2023-03-01",
            "name": "[parameters('virtualMachines_web01_name')]",
            "location": "eastus",
            "dependsOn": [
                "[resourceId('Microsoft.Network/networkInterfaces', parameters('networkInterfaces_web01192_name'))]"
            ],
            "properties": {
                "hardwareProfile": {
                    "vmSize": "Standard_D2s_v3"
                },
                "storageProfile": {
                    "imageReference": {
                        "publisher": "MicrosoftWindowsServer",
                        "offer": "WindowsServer",
                        "sku": "2019-datacenter-gensecond",
                        "version": "latest"
                    },
                    "osDisk": {
                        "osType": "Windows",
                        "name": "[concat(parameters('virtualMachines_web01_name'), '_OsDisk_1_bf62bc4a06aa4de49b55bb84cf8a3703')]",
                        "createOption": "FromImage",
                        "caching": "ReadWrite",
                        "managedDisk": {
                            "storageAccountType": "Premium_LRS",
                            "id": "[resourceId('Microsoft.Compute/disks', concat(parameters('virtualMachines_web01_name'), '_OsDisk_1_bf62bc4a06aa4de49b55bb84cf8a3703'))]"
                        },
                        "deleteOption": "Delete",
                        "diskSizeGB": 127
                    },
                    "dataDisks": [],
                    "diskControllerType": "SCSI"
                },
                "osProfile": {
                    "computerName": "[parameters('virtualMachines_web01_name')]",
                    "adminUsername": "mastercloudadm",
                    "windowsConfiguration": {
                        "provisionVMAgent": true,
                        "enableAutomaticUpdates": true,
                        "patchSettings": {
                            "patchMode": "AutomaticByOS",
                            "assessmentMode": "ImageDefault",
                            "enableHotpatching": false
                        },
                        "enableVMAgentPlatformUpdates": false
                    },
                    "secrets": [],
                    "allowExtensionOperations": true,
                    "requireGuestProvisionSignal": true
                },
                "securityProfile": {
                    "uefiSettings": {
                        "secureBootEnabled": true,
                        "vTpmEnabled": true
                    },
                    "securityType": "TrustedLaunch"
                },
                "networkProfile": {
                    "networkInterfaces": [
                        {
                            "id": "[resourceId('Microsoft.Network/networkInterfaces', parameters('networkInterfaces_web01192_name'))]",
                            "properties": {
                                "deleteOption": "Detach"
                            }
                        }
                    ]
                },
                "diagnosticsProfile": {
                    "bootDiagnostics": {
                        "enabled": true
                    }
                }
            }
        },
        {
            "type": "Microsoft.Compute/virtualMachines",
            "apiVersion": "2023-03-01",
            "name": "[parameters('virtualMachines_web02_name')]",
            "location": "eastus",
            "dependsOn": [
                "[resourceId('Microsoft.Network/networkInterfaces', parameters('networkInterfaces_web02127_name'))]"
            ],
            "properties": {
                "hardwareProfile": {
                    "vmSize": "Standard_D2s_v3"
                },
                "storageProfile": {
                    "imageReference": {
                        "publisher": "MicrosoftWindowsServer",
                        "offer": "WindowsServer",
                        "sku": "2019-datacenter-gensecond",
                        "version": "latest"
                    },
                    "osDisk": {
                        "osType": "Windows",
                        "name": "[concat(parameters('virtualMachines_web02_name'), '_OsDisk_1_8a18e9f48bc6432eb0181127f68c4ed0')]",
                        "createOption": "FromImage",
                        "caching": "ReadWrite",
                        "managedDisk": {
                            "storageAccountType": "Premium_LRS",
                            "id": "[resourceId('Microsoft.Compute/disks', concat(parameters('virtualMachines_web02_name'), '_OsDisk_1_8a18e9f48bc6432eb0181127f68c4ed0'))]"
                        },
                        "deleteOption": "Delete",
                        "diskSizeGB": 127
                    },
                    "dataDisks": [],
                    "diskControllerType": "SCSI"
                },
                "osProfile": {
                    "computerName": "[parameters('virtualMachines_web02_name')]",
                    "adminUsername": "mastercloudadm",
                    "windowsConfiguration": {
                        "provisionVMAgent": true,
                        "enableAutomaticUpdates": true,
                        "patchSettings": {
                            "patchMode": "AutomaticByOS",
                            "assessmentMode": "ImageDefault",
                            "enableHotpatching": false
                        },
                        "enableVMAgentPlatformUpdates": false
                    },
                    "secrets": [],
                    "allowExtensionOperations": true,
                    "requireGuestProvisionSignal": true
                },
                "securityProfile": {
                    "uefiSettings": {
                        "secureBootEnabled": true,
                        "vTpmEnabled": true
                    },
                    "securityType": "TrustedLaunch"
                },
                "networkProfile": {
                    "networkInterfaces": [
                        {
                            "id": "[resourceId('Microsoft.Network/networkInterfaces', parameters('networkInterfaces_web02127_name'))]",
                            "properties": {
                                "deleteOption": "Detach"
                            }
                        }
                    ]
                },
                "diagnosticsProfile": {
                    "bootDiagnostics": {
                        "enabled": true
                    }
                }
            }
        },
        {
            "type": "Microsoft.Compute/virtualMachines/extensions",
            "apiVersion": "2023-03-01",
            "name": "[concat(parameters('virtualMachines_web01_name'), '/AzureNetworkWatcherExtension')]",
            "location": "eastus",
            "dependsOn": [
                "[resourceId('Microsoft.Compute/virtualMachines', parameters('virtualMachines_web01_name'))]"
            ],
            "properties": {
                "autoUpgradeMinorVersion": true,
                "publisher": "Microsoft.Azure.NetworkWatcher",
                "type": "NetworkWatcherAgentWindows",
                "typeHandlerVersion": "1.4"
            }
        },
        {
            "type": "Microsoft.Network/dnszones/A",
            "apiVersion": "2018-05-01",
            "name": "[concat(parameters('dnszones_rctbatista_mastercloud_com_br_name'), '/aula2')]",
            "dependsOn": [
                "[resourceId('Microsoft.Network/dnszones', parameters('dnszones_rctbatista_mastercloud_com_br_name'))]"
            ],
            "properties": {
                "TTL": 3600,
                "ARecords": [
                    {
                        "ipv4Address": "4.246.205.72"
                    }
                ],
                "targetResource": {}
            }
        },
        {
            "type": "Microsoft.Network/dnszones/NS",
            "apiVersion": "2018-05-01",
            "name": "[concat(parameters('dnszones_rctbatista_mastercloud_com_br_name'), '/@')]",
            "dependsOn": [
                "[resourceId('Microsoft.Network/dnszones', parameters('dnszones_rctbatista_mastercloud_com_br_name'))]"
            ],
            "properties": {
                "TTL": 172800,
                "NSRecords": [
                    {
                        "nsdname": "ns1-34.azure-dns.com."
                    },
                    {
                        "nsdname": "ns2-34.azure-dns.net."
                    },
                    {
                        "nsdname": "ns3-34.azure-dns.org."
                    },
                    {
                        "nsdname": "ns4-34.azure-dns.info."
                    }
                ],
                "targetResource": {}
            }
        },
        {
            "type": "Microsoft.Network/dnszones/SOA",
            "apiVersion": "2018-05-01",
            "name": "[concat(parameters('dnszones_rctbatista_mastercloud_com_br_name'), '/@')]",
            "dependsOn": [
                "[resourceId('Microsoft.Network/dnszones', parameters('dnszones_rctbatista_mastercloud_com_br_name'))]"
            ],
            "properties": {
                "TTL": 3600,
                "SOARecord": {
                    "email": "azuredns-hostmaster.microsoft.com",
                    "expireTime": 2419200,
                    "host": "ns1-34.azure-dns.com.",
                    "minimumTTL": 300,
                    "refreshTime": 3600,
                    "retryTime": 300,
                    "serialNumber": 1
                },
                "targetResource": {}
            }
        },
        {
            "type": "Microsoft.Network/networkSecurityGroups/securityRules",
            "apiVersion": "2023-05-01",
            "name": "[concat(parameters('networkSecurityGroups_web01_nsg_name'), '/AllowAnyCustom80Inbound')]",
            "dependsOn": [
                "[resourceId('Microsoft.Network/networkSecurityGroups', parameters('networkSecurityGroups_web01_nsg_name'))]"
            ],
            "properties": {
                "protocol": "TCP",
                "sourcePortRange": "*",
                "destinationPortRange": "80",
                "sourceAddressPrefix": "*",
                "destinationAddressPrefix": "*",
                "access": "Allow",
                "priority": 310,
                "direction": "Inbound",
                "sourcePortRanges": [],
                "destinationPortRanges": [],
                "sourceAddressPrefixes": [],
                "destinationAddressPrefixes": []
            }
        },
        {
            "type": "Microsoft.Network/networkSecurityGroups/securityRules",
            "apiVersion": "2023-05-01",
            "name": "[concat(parameters('networkSecurityGroups_web02_nsg_name'), '/AllowAnyCustom80Inbound')]",
            "dependsOn": [
                "[resourceId('Microsoft.Network/networkSecurityGroups', parameters('networkSecurityGroups_web02_nsg_name'))]"
            ],
            "properties": {
                "protocol": "TCP",
                "sourcePortRange": "*",
                "destinationPortRange": "80",
                "sourceAddressPrefix": "*",
                "destinationAddressPrefix": "*",
                "access": "Allow",
                "priority": 310,
                "direction": "Inbound",
                "sourcePortRanges": [],
                "destinationPortRanges": [],
                "sourceAddressPrefixes": [],
                "destinationAddressPrefixes": []
            }
        },
        {
            "type": "Microsoft.Network/networkSecurityGroups/securityRules",
            "apiVersion": "2023-05-01",
            "name": "[concat(parameters('networkSecurityGroups_web01_nsg_name'), '/RDP')]",
            "dependsOn": [
                "[resourceId('Microsoft.Network/networkSecurityGroups', parameters('networkSecurityGroups_web01_nsg_name'))]"
            ],
            "properties": {
                "protocol": "TCP",
                "sourcePortRange": "*",
                "destinationPortRange": "3389",
                "sourceAddressPrefix": "*",
                "destinationAddressPrefix": "*",
                "access": "Allow",
                "priority": 300,
                "direction": "Inbound",
                "sourcePortRanges": [],
                "destinationPortRanges": [],
                "sourceAddressPrefixes": [],
                "destinationAddressPrefixes": []
            }
        },
        {
            "type": "Microsoft.Network/networkSecurityGroups/securityRules",
            "apiVersion": "2023-05-01",
            "name": "[concat(parameters('networkSecurityGroups_web02_nsg_name'), '/RDP')]",
            "dependsOn": [
                "[resourceId('Microsoft.Network/networkSecurityGroups', parameters('networkSecurityGroups_web02_nsg_name'))]"
            ],
            "properties": {
                "protocol": "TCP",
                "sourcePortRange": "*",
                "destinationPortRange": "3389",
                "sourceAddressPrefix": "*",
                "destinationAddressPrefix": "*",
                "access": "Allow",
                "priority": 300,
                "direction": "Inbound",
                "sourcePortRanges": [],
                "destinationPortRanges": [],
                "sourceAddressPrefixes": [],
                "destinationAddressPrefixes": []
            }
        },
        {
            "type": "Microsoft.Network/privateDnsZones/A",
            "apiVersion": "2018-09-01",
            "name": "[concat(parameters('privateDnsZones_rctbatista_mastercloud_com_br_name'), '/gsa-ace18472-db42000000')]",
            "dependsOn": [
                "[resourceId('Microsoft.Network/privateDnsZones', parameters('privateDnsZones_rctbatista_mastercloud_com_br_name'))]"
            ],
            "properties": {
                "ttl": 10,
                "aRecords": [
                    {
                        "ipv4Address": "10.0.3.5"
                    }
                ]
            }
        },
        {
            "type": "Microsoft.Network/privateDnsZones/A",
            "apiVersion": "2018-09-01",
            "name": "[concat(parameters('privateDnsZones_rctbatista_mastercloud_com_br_name'), '/gsa-ace18472-db42000002')]",
            "dependsOn": [
                "[resourceId('Microsoft.Network/privateDnsZones', parameters('privateDnsZones_rctbatista_mastercloud_com_br_name'))]"
            ],
            "properties": {
                "ttl": 10,
                "aRecords": [
                    {
                        "ipv4Address": "10.0.3.7"
                    }
                ]
            }
        },
        {
            "type": "Microsoft.Network/privateDnsZones/A",
            "apiVersion": "2018-09-01",
            "name": "[concat(parameters('privateDnsZones_rctbatista_mastercloud_com_br_name'), '/web01')]",
            "dependsOn": [
                "[resourceId('Microsoft.Network/privateDnsZones', parameters('privateDnsZones_rctbatista_mastercloud_com_br_name'))]"
            ],
            "properties": {
                "ttl": 10,
                "aRecords": [
                    {
                        "ipv4Address": "10.0.0.4"
                    }
                ]
            }
        },
        {
            "type": "Microsoft.Network/privateDnsZones/A",
            "apiVersion": "2018-09-01",
            "name": "[concat(parameters('privateDnsZones_rctbatista_mastercloud_com_br_name'), '/web02')]",
            "dependsOn": [
                "[resourceId('Microsoft.Network/privateDnsZones', parameters('privateDnsZones_rctbatista_mastercloud_com_br_name'))]"
            ],
            "properties": {
                "ttl": 10,
                "aRecords": [
                    {
                        "ipv4Address": "10.0.1.4"
                    }
                ]
            }
        },
        {
            "type": "Microsoft.Network/privateDnsZones/SOA",
            "apiVersion": "2018-09-01",
            "name": "[concat(parameters('privateDnsZones_rctbatista_mastercloud_com_br_name'), '/@')]",
            "dependsOn": [
                "[resourceId('Microsoft.Network/privateDnsZones', parameters('privateDnsZones_rctbatista_mastercloud_com_br_name'))]"
            ],
            "properties": {
                "ttl": 3600,
                "soaRecord": {
                    "email": "azureprivatedns-host.microsoft.com",
                    "expireTime": 2419200,
                    "host": "azureprivatedns.net",
                    "minimumTtl": 10,
                    "refreshTime": 3600,
                    "retryTime": 300,
                    "serialNumber": 1
                }
            }
        },
        {
            "type": "Microsoft.Network/virtualNetworks/subnets",
            "apiVersion": "2023-05-01",
            "name": "[concat(parameters('virtualNetworks_web01_vnet_name'), '/AzureFirewallManagementSubnet')]",
            "dependsOn": [
                "[resourceId('Microsoft.Network/virtualNetworks', parameters('virtualNetworks_web01_vnet_name'))]"
            ],
            "properties": {
                "addressPrefix": "10.0.3.0/24",
                "routeTable": {
                    "id": "[parameters('routeTables_ace18472_db42_4736_974c_9aced2b8fbca_externalid')]"
                },
                "serviceEndpoints": [],
                "delegations": [],
                "privateEndpointNetworkPolicies": "Disabled",
                "privateLinkServiceNetworkPolicies": "Enabled"
            }
        },
        {
            "type": "Microsoft.Network/virtualNetworks/subnets",
            "apiVersion": "2023-05-01",
            "name": "[concat(parameters('virtualNetworks_web01_vnet_name'), '/AzureFirewallSubnet')]",
            "dependsOn": [
                "[resourceId('Microsoft.Network/virtualNetworks', parameters('virtualNetworks_web01_vnet_name'))]"
            ],
            "properties": {
                "addressPrefix": "10.0.4.0/24",
                "serviceEndpoints": [],
                "delegations": [],
                "privateEndpointNetworkPolicies": "Disabled",
                "privateLinkServiceNetworkPolicies": "Enabled"
            }
        },
        {
            "type": "Microsoft.Network/virtualNetworks/subnets",
            "apiVersion": "2023-05-01",
            "name": "[concat(parameters('virtualNetworks_web01_vnet_name'), '/default')]",
            "dependsOn": [
                "[resourceId('Microsoft.Network/virtualNetworks', parameters('virtualNetworks_web01_vnet_name'))]"
            ],
            "properties": {
                "addressPrefix": "10.0.0.0/24",
                "delegations": [],
                "privateEndpointNetworkPolicies": "Disabled",
                "privateLinkServiceNetworkPolicies": "Enabled"
            }
        },
        {
            "type": "Microsoft.Network/virtualNetworks/subnets",
            "apiVersion": "2023-05-01",
            "name": "[concat(parameters('virtualNetworks_web01_vnet_name'), '/subnet1')]",
            "dependsOn": [
                "[resourceId('Microsoft.Network/virtualNetworks', parameters('virtualNetworks_web01_vnet_name'))]"
            ],
            "properties": {
                "addressPrefix": "10.0.1.0/24",
                "serviceEndpoints": [],
                "delegations": [],
                "privateEndpointNetworkPolicies": "Disabled",
                "privateLinkServiceNetworkPolicies": "Enabled"
            }
        },
        {
            "type": "Microsoft.Network/virtualNetworks/subnets",
            "apiVersion": "2023-05-01",
            "name": "[concat(parameters('virtualNetworks_web01_vnet_name'), '/subnet2')]",
            "dependsOn": [
                "[resourceId('Microsoft.Network/virtualNetworks', parameters('virtualNetworks_web01_vnet_name'))]"
            ],
            "properties": {
                "addressPrefix": "10.0.2.0/24",
                "serviceEndpoints": [],
                "delegations": [],
                "privateEndpointNetworkPolicies": "Disabled",
                "privateLinkServiceNetworkPolicies": "Enabled"
            }
        },
        {
            "type": "Microsoft.Network/privateDnsZones/virtualNetworkLinks",
            "apiVersion": "2018-09-01",
            "name": "[concat(parameters('privateDnsZones_rctbatista_mastercloud_com_br_name'), '/vnet-aula2-link')]",
            "location": "global",
            "dependsOn": [
                "[resourceId('Microsoft.Network/privateDnsZones', parameters('privateDnsZones_rctbatista_mastercloud_com_br_name'))]",
                "[resourceId('Microsoft.Network/virtualNetworks', parameters('virtualNetworks_web01_vnet_name'))]"
            ],
            "properties": {
                "registrationEnabled": true,
                "virtualNetwork": {
                    "id": "[resourceId('Microsoft.Network/virtualNetworks', parameters('virtualNetworks_web01_vnet_name'))]"
                }
            }
        },
        {
            "type": "Microsoft.Network/networkInterfaces",
            "apiVersion": "2023-05-01",
            "name": "[parameters('networkInterfaces_web01192_name')]",
            "location": "eastus",
            "dependsOn": [
                "[resourceId('Microsoft.Network/publicIPAddresses', parameters('publicIPAddresses_web01_ip_name'))]",
                "[resourceId('Microsoft.Network/virtualNetworks/subnets', parameters('virtualNetworks_web01_vnet_name'), 'default')]",
                "[resourceId('Microsoft.Network/networkSecurityGroups', parameters('networkSecurityGroups_web01_nsg_name'))]"
            ],
            "kind": "Regular",
            "properties": {
                "ipConfigurations": [
                    {
                        "name": "ipconfig1",
                        "id": "[concat(resourceId('Microsoft.Network/networkInterfaces', parameters('networkInterfaces_web01192_name')), '/ipConfigurations/ipconfig1')]",
                        "etag": "W/\"09a98fbc-4609-455f-9014-e1bd5fee49f9\"",
                        "type": "Microsoft.Network/networkInterfaces/ipConfigurations",
                        "properties": {
                            "provisioningState": "Succeeded",
                            "privateIPAddress": "10.0.0.4",
                            "privateIPAllocationMethod": "Dynamic",
                            "publicIPAddress": {
                                "id": "[resourceId('Microsoft.Network/publicIPAddresses', parameters('publicIPAddresses_web01_ip_name'))]",
                                "properties": {
                                    "deleteOption": "Detach"
                                }
                            },
                            "subnet": {
                                "id": "[resourceId('Microsoft.Network/virtualNetworks/subnets', parameters('virtualNetworks_web01_vnet_name'), 'default')]"
                            },
                            "primary": true,
                            "privateIPAddressVersion": "IPv4"
                        }
                    }
                ],
                "dnsSettings": {
                    "dnsServers": []
                },
                "enableAcceleratedNetworking": true,
                "enableIPForwarding": false,
                "disableTcpStateTracking": false,
                "networkSecurityGroup": {
                    "id": "[resourceId('Microsoft.Network/networkSecurityGroups', parameters('networkSecurityGroups_web01_nsg_name'))]"
                },
                "nicType": "Standard",
                "auxiliaryMode": "None",
                "auxiliarySku": "None"
            }
        },
        {
            "type": "Microsoft.Network/networkInterfaces",
            "apiVersion": "2023-05-01",
            "name": "[parameters('networkInterfaces_web02127_name')]",
            "location": "eastus",
            "dependsOn": [
                "[resourceId('Microsoft.Network/publicIPAddresses', parameters('publicIPAddresses_web02_ip_name'))]",
                "[resourceId('Microsoft.Network/virtualNetworks/subnets', parameters('virtualNetworks_web01_vnet_name'), 'subnet1')]",
                "[resourceId('Microsoft.Network/networkSecurityGroups', parameters('networkSecurityGroups_web02_nsg_name'))]"
            ],
            "kind": "Regular",
            "properties": {
                "ipConfigurations": [
                    {
                        "name": "ipconfig1",
                        "id": "[concat(resourceId('Microsoft.Network/networkInterfaces', parameters('networkInterfaces_web02127_name')), '/ipConfigurations/ipconfig1')]",
                        "etag": "W/\"cd6d9fba-72a7-42f3-8aa5-06e38c54050e\"",
                        "type": "Microsoft.Network/networkInterfaces/ipConfigurations",
                        "properties": {
                            "provisioningState": "Succeeded",
                            "privateIPAddress": "10.0.1.4",
                            "privateIPAllocationMethod": "Dynamic",
                            "publicIPAddress": {
                                "id": "[resourceId('Microsoft.Network/publicIPAddresses', parameters('publicIPAddresses_web02_ip_name'))]",
                                "properties": {
                                    "deleteOption": "Detach"
                                }
                            },
                            "subnet": {
                                "id": "[resourceId('Microsoft.Network/virtualNetworks/subnets', parameters('virtualNetworks_web01_vnet_name'), 'subnet1')]"
                            },
                            "primary": true,
                            "privateIPAddressVersion": "IPv4"
                        }
                    }
                ],
                "dnsSettings": {
                    "dnsServers": []
                },
                "enableAcceleratedNetworking": false,
                "enableIPForwarding": false,
                "disableTcpStateTracking": false,
                "networkSecurityGroup": {
                    "id": "[resourceId('Microsoft.Network/networkSecurityGroups', parameters('networkSecurityGroups_web02_nsg_name'))]"
                },
                "nicType": "Standard",
                "auxiliaryMode": "None",
                "auxiliarySku": "None"
            }
        },
        {
            "type": "Microsoft.Network/azureFirewalls",
            "apiVersion": "2023-05-01",
            "name": "[parameters('azureFirewalls_web01_vnet_fw_name')]",
            "location": "eastus",
            "dependsOn": [
                "[resourceId('Microsoft.Network/publicIPAddresses', parameters('publicIPAddresses_pipB_name'))]",
                "[resourceId('Microsoft.Network/virtualNetworks/subnets', parameters('virtualNetworks_web01_vnet_name'), 'AzureFirewallManagementSubnet')]",
                "[resourceId('Microsoft.Network/publicIPAddresses', parameters('publicIPAddresses_pipA_name'))]",
                "[resourceId('Microsoft.Network/virtualNetworks/subnets', parameters('virtualNetworks_web01_vnet_name'), 'AzureFirewallSubnet')]",
                "[resourceId('Microsoft.Network/firewallPolicies', parameters('firewallPolicies_politica1_name'))]"
            ],
            "properties": {
                "sku": {
                    "name": "AZFW_VNet",
                    "tier": "Basic"
                },
                "threatIntelMode": "Alert",
                "additionalProperties": {},
                "managementIpConfiguration": {
                    "name": "pipB",
                    "id": "[concat(resourceId('Microsoft.Network/azureFirewalls', parameters('azureFirewalls_web01_vnet_fw_name')), '/azureFirewallIpConfigurations/pipB')]",
                    "properties": {
                        "publicIPAddress": {
                            "id": "[resourceId('Microsoft.Network/publicIPAddresses', parameters('publicIPAddresses_pipB_name'))]"
                        },
                        "subnet": {
                            "id": "[resourceId('Microsoft.Network/virtualNetworks/subnets', parameters('virtualNetworks_web01_vnet_name'), 'AzureFirewallManagementSubnet')]"
                        }
                    }
                },
                "ipConfigurations": [
                    {
                        "name": "pipA",
                        "id": "[concat(resourceId('Microsoft.Network/azureFirewalls', parameters('azureFirewalls_web01_vnet_fw_name')), '/azureFirewallIpConfigurations/pipA')]",
                        "properties": {
                            "publicIPAddress": {
                                "id": "[resourceId('Microsoft.Network/publicIPAddresses', parameters('publicIPAddresses_pipA_name'))]"
                            },
                            "subnet": {
                                "id": "[resourceId('Microsoft.Network/virtualNetworks/subnets', parameters('virtualNetworks_web01_vnet_name'), 'AzureFirewallSubnet')]"
                            }
                        }
                    }
                ],
                "networkRuleCollections": [],
                "applicationRuleCollections": [],
                "natRuleCollections": [],
                "firewallPolicy": {
                    "id": "[resourceId('Microsoft.Network/firewallPolicies', parameters('firewallPolicies_politica1_name'))]"
                }
            }
        }
    ]
}